Building,R2,N_train
putong,0.8469073970833386,1414
xinsheng,0.7764638587593135,1414
gongtong,0.7787318748598144,1331
