Building,model1_baseline_R2,model2_temp_squared_R2,model3_interactions_R2,model4_fixed_effects_R2,model1_baseline_N_train,model2_temp_squared_N_train,model3_interactions_N_train,model4_fixed_effects_N_train
gongtong,0.6449826513414687,0.7439569979878841,0.7069066895008795,0.7824371023159659,1864.0,1864.0,1864.0,1864.0
putong,0.2429662708007062,0.30896921530927024,0.25553372306201205,0.8090771654634127,1982.0,1982.0,1982.0,1982.0
xinsheng,0.44979106549568615,0.6312651360815649,0.47640700464539865,0.7061958876482937,1982.0,1982.0,1982.0,1982.0
