Building,model1_baseline_R2,model2_temp_squared_R2,model3_interactions_R2,model4_fixed_effects_R2,model1_baseline_N_train,model2_temp_squared_N_train,model3_interactions_N_train,model4_fixed_effects_N_train
gongtong,0.647284027113334,0.7457050013048727,0.7025580201890403,0.782647366526217,1864.0,1864.0,1864.0,1864.0
putong,0.2462174106829076,0.3119837075851415,0.25800075249293386,0.8096487080229013,1982.0,1982.0,1982.0,1982.0
xinsheng,0.44462896047391043,0.6278483740639099,0.47885515466377937,0.7049127219934697,1982.0,1982.0,1982.0,1982.0
