Building,model1_baseline_Adj_R2,model2_temp_squared_Adj_R2,model3_interactions_Adj_R2,model4_fixed_effects_Adj_R2,model1_baseline_N_train,model2_temp_squared_N_train,model3_interactions_N_train,model4_fixed_effects_N_train,model1_baseline_R2,model2_temp_squared_R2,model3_interactions_R2,model4_fixed_effects_R2
gongtong,0.5781271849382998,0.6713210960975995,0.6333811182478275,0.7019541386934712,2018,2018,2018,2018,0.5787546606176182,0.6719729134578423,0.6342899404633757,0.7060916122267299
putong,0.22166762991078226,0.27989642477453625,0.23327401656329838,0.6735601118975783,2136,2136,2136,2136,0.2227613053722659,0.28124556496231234,0.23506962776572615,0.6778412907579379
xinsheng,0.385477830740679,0.5414496110670061,0.4070717369612197,0.5805506068504154,2134,2134,2134,2134,0.38634213758914493,0.5423095274081837,0.4084616297484648,0.5860567404688815
